ACC_X_AVG,ACC_Y_AVG,ACC_Z_AVG,GYR_X_AVG,GYR_Y_AVG,GYR_Z_AVG,MAG_X_AVG,MAG_Y_AVG,MAG_Z_AVG,ACC_X_Range,ACC_Y_Range,ACC_Z_Range,GYR_X_Range,GYR_Y_Range,GYR_Z_Range,MAG_X_Range,MAG_Y_Range,MAG_Z_Range
185.5833333,-18.95833333,950.4833333,27.26666667,-58.35833333,72.70833333,395.025,353.3333333,-1617.291667,1156,632,1779,1628,1447,1292,255,300,114
325.6416667,48.43333333,973.4833333,13.175,-15.85833333,10.375,301,303.8833333,-1633.033333,717,372,1676,1082,530,573,103,98,39
269.7916667,39.075,982.9416667,-1.2,-19.8,3.208333333,291.525,322.3416667,-1638.133333,750,398,1644,961,550,525,115,74,49
273.175,30.34166667,947.275,20.36666667,-30,-5.708333333,311.4916667,278.2833333,-1664.15,746,365,1695,1128,621,468,135,117,57
282.0333333,41.025,996.8666667,7.041666667,-31.41666667,0.241666667,313.7,251.8916667,-1674.533333,566,389,1704,643,618,578,109,153,35
253.75,59.45833333,935.2333333,14.94166667,-20.91666667,-6.416666667,300.05,243.6416667,-1679.75,545,331,1657,770,541,454,89,108,36
290.0916667,84.16666667,998.5333333,3.683333333,-31.48333333,-3.25,303.7333333,229.45,-1679.408333,749,360,1689,851,1012,479,123,124,50
313.3333333,102.925,906.525,8.25,-21.725,-5.341666667,296.7916667,178.3416667,-1694.725,680,244,1761,733,648,492,112,96,57
250.3666667,59.5,983.5666667,-0.275,19.025,32.16666667,321.4833333,208.7916667,-1696.283333,1083,399,1489,673,1363,1257,108,223,75
-341.875,173.75,931.0083333,110.6166667,-52.44166667,-46.59166667,254.375,358.6333333,-1564.391667,669,667,841,1397,1125,4183,282,636,337
-30.44166667,-48.90833333,1002.075,7.658333333,-17.225,46.75,501.7,303.8333333,-1825.3,1042,733,1428,1145,1982,2041,226,588,282
51.16666667,-24.98333333,972.7666667,12.41666667,-32.925,-2.308333333,474.1666667,166.3416667,-1884.025,394,462,1527,831,489,355,104,130,48
-12.75833333,22.26666667,999.4916667,13.09166667,-18.19166667,2.291666667,438.025,145.0916667,-1867.183333,450,474,1582,1250,536,577,143,89,59
107.6166667,39.125,1029.666667,17.28333333,-27.16666667,-11.675,415.1166667,63.1,-1887.925,587,394,1719,1000,781,460,167,77,77
50.79166667,46.63333333,986.9083333,-2.916666667,-26.525,13.04166667,393.0083333,78.19166667,-1869.033333,546,419,1595,938,700,552,156,95,54
96.4,24.5,975.175,20.375,-28.39166667,-7.166666667,399.35,51.66666667,-1895.1,503,399,1603,1069,482,516,96,123,46
33.53333333,-39.85,1010.558333,2.808333333,-13.56666667,-4.175,436.875,84.29166667,-1909.908333,571,348,1669,966,627,384,119,103,42
111.4083333,-43.775,1025.35,5.375,-31.04166667,-4.25,444.9333333,77.025,-1907.441667,931,578,1511,1499,785,794,147,94,50
84.70833333,-17.575,1003.166667,16.48333333,-17.79166667,-4.908333333,436.8166667,82.275,-1907.691667,451,421,1670,1317,836,536,115,87,45
29.51666667,14.73333333,975.825,33.475,5.108333333,138.9583333,423.2583333,89.68333333,-1894.625,547,717,1571,988,917,1385,219,248,93
-348.575,175.3166667,918.1583333,98.475,-26.50833333,-195.6083333,409.425,83.66666667,-1787.7,653,530,984,1537,1190,2172,347,562,362
-103.625,-71.50833333,1001.183333,-0.875,-12.05833333,104.2,491.1333333,527.6333333,-1507.141667,985,599,1391,1052,1027,2291,474,309,258
63.84166667,-33.36666667,993.1,7.05,-16.39166667,-3.133333333,319.9083333,444.6666667,-1616.15,628,471,1513,759,601,456,108,90,57
89.75,-61.05833333,984.2833333,9.966666667,-29.08333333,-7.291666667,333.35,440.7,-1633.941667,386,306,1465,834,651,403,54,81,44
109.0583333,-40.54166667,1025.108333,16.96666667,-18.80833333,-0.741666667,326.5,440.6333333,-1637.141667,430,310,1090,770,691,455,79,82,33
125.2416667,-40.00833333,988.7083333,4.691666667,-37.75833333,-5.975,331.6083333,432.9333333,-1646.533333,552,344,1324,1000,594,359,96,108,49
163.225,-54.66666667,993.525,3.141666667,-17.525,-2.308333333,340.35,397.4833333,-1672.591667,536,421,1534,1009,613,392,78,100,47
138.125,-38.45,1022.016667,5.833333333,-35.06666667,-6.683333333,328.0166667,416.925,-1679.458333,544,424,1558,843,559,493,79,103,45
104.525,-88.65,981.0083333,14.93333333,-16.275,-1.325,349.85,416.625,-1685.3,519,571,1647,855,704,437,108,139,39
92.48333333,-95.10833333,1004.825,11.49166667,-28.53333333,-7.966666667,358.85,422.0916667,-1693.491667,515,420,1476,1225,1152,430,111,153,66
114.8083333,-83.525,1020.116667,3.008333333,-25.825,9.225,352.4833333,408.95,-1696.391667,512,434,1421,844,882,481,90,95,29
-88.69166667,4.908333333,975.9833333,-9.9,66.14166667,186.5416667,330.3333333,379.625,-1677.883333,979,846,1485,1411,1251,3436,341,331,165
-421.2583333,113.0166667,842.4833333,174.325,-137.0666667,-266.8833333,426.3916667,646.5083333,-1476.875,1499,1053,781,1663,1693,2214,530,542,358
-50.29166667,-64.975,943.3166667,-9.358333333,-176.1083333,132.1083333,-205.2083333,485.8666667,-1450.3,1523,800,1388,1738,1910,1796,504,472,450
272.45,53.53333333,945.3,7.05,-28.11666667,8.266666667,-359.2416667,355.6666667,-1510.883333,631,326,1405,949,779,582,106,102,66
351.875,62.925,941.8166667,1.25,-24.43333333,11.58333333,-374.675,340.6666667,-1504.616667,760,474,1325,1129,1181,684,129,105,66
370.7,-16.775,968.3333333,15.51666667,-24.70833333,-11.16666667,-338.55,343.3,-1505.766667,652,409,1276,737,744,538,90,86,91
410.075,-16.78333333,911.9833333,9.166666667,-23.91666667,0.066666667,-329.7083333,305.8666667,-1536.883333,975,384,1172,868,937,660,129,156,84
401.5833333,-31.03333333,922.75,-1.341666667,-14.96666667,-8.3,-319.4166667,319.525,-1556.783333,824,347,1130,1164,717,742,120,123,82
339.125,-30.425,954.55,12.84166667,-29.15833333,3.641666667,-322.9,364.7,-1561.525,612,408,1304,1142,721,552,114,107,54
288.375,-38.51666667,971.625,5.891666667,-17.86666667,-10.58333333,-323.3166667,393.6666667,-1565.316667,543,305,1394,639,715,473,57,112,57
300.0166667,-65.31666667,966.775,8.941666667,-19.93333333,-0.275,-310.2166667,378.1666667,-1571.775,624,333,1232,744,823,739,81,117,44
358.7,-90.04166667,949.975,8.783333333,-28.725,-4.241666667,-292.9416667,356.7583333,-1572.966667,634,375,1390,592,772,486,63,126,47
-456.1333333,-273.0916667,717.45,36.49166667,156.525,109.275,-118.3416667,595.375,-1478.166667,1624,1305,1050,2492,2557,3570,627,684,428
431.4416667,-147.2,860.1416667,23.45833333,-75.75,-13.55833333,544.8166667,71.4,-1384.241667,776,398,943,922,1336,439,86,309,108
427.9583333,-88.81666667,931.5333333,17.63333333,-15.81666667,-7.966666667,519.55,90.18333333,-1393.108333,621,400,1031,483,725,339,105,94,62
383.5083333,-112.2,919.1916667,1.175,-21.21666667,-1.108333333,538.3333333,115.2666667,-1394.191667,642,443,1229,570,594,458,97,150,57
444.2,-79.55,893.2,8.683333333,-22.50833333,11.85833333,524.2333333,89.8,-1386.775,781,433,1289,684,863,466,103,121,52
389,-102.4666667,917.4083333,11.21666667,-33.99166667,-10.525,536.6166667,117.9666667,-1366.058333,677,512,1431,786,670,572,144,90,48
444.9083333,-101.8416667,897.1666667,16.63333333,-26.93333333,1.316666667,525.6333333,66.69166667,-1369.55,787,569,1382,609,864,593,107,105,50
437.4583333,-68.66666667,905.2166667,8.291666667,-24.73333333,-1.416666667,513.5416667,66.98333333,-1377.291667,834,481,1503,635,502,573,97,93,53
445.0333333,-87.225,905.8583333,13.16666667,-29.5,5.3,518.7916667,53.11666667,-1380.741667,917,467,1266,674,788,378,123,129,53
485.2916667,-77.24166667,865.6916667,4.491666667,-18.325,-3.525,512.3416667,23.20833333,-1382.983333,920,376,1373,631,755,503,79,114,60
508.325,-61.44166667,885.6833333,8.883333333,-28.50833333,-3.908333333,506.5833333,20.575,-1378.375,765,464,1539,673,724,715,114,155,65
-200.675,-450.9416667,677.5666667,-166.8333333,-61.34166667,49.81666667,685.35,259.2416667,-1290.35,1579,1382,1816,3419,3617,2597,680,795,464
-707.6,-126.4083333,585.35,259.4833333,-101.725,-82.15833333,584.3333333,526.0416667,-1102.466667,1644,1485,827,2470,2425,2442,465,495,494
-144.0666667,15.38333333,944.3833333,16.18333333,34.575,74.85833333,167.0333333,-46.33333333,-399.15,1098,801,1535,1974,965,1731,284,335,132
-222.2583333,-18.2,1015.875,5.991666667,-29.33333333,-2.091666667,217.425,-11.85833333,-399.35,544,465,1730,697,749,387,138,84,43
-251.275,-45.90833333,924.475,10,-20.85,2.575,238.5083333,13.13333333,-394.3916667,732,283,1506,789,740,574,103,115,37
-291.275,-43.56666667,1000.491667,10.19166667,-19.875,-1.333333333,237.8083333,24.6,-395.525,554,297,1361,838,769,459,75,87,32
-91.00833333,85.93333333,902.3666667,98.21666667,-16.25833333,27.94166667,184.6416667,-39.025,-372.875,1368,1201,1691,4085,4402,3016,532,349,264
331.1833333,191.25,897.4083333,-52.075,117.4583333,-70.75,87.5,-141.3583333,-348.225,971,1431,1288,4079,2066,3190,685,552,351
-199.2083333,150.7083333,992.5916667,2.316666667,-25.10833333,3.541666667,-196.4916667,80.43333333,-419.675,621,401,1397,867,626,417,64,90,45
-134.5833333,154.6833333,973.975,4.308333333,-28.36666667,5.508333333,-198.5,37.53333333,-423.525,709,372,1801,1171,752,355,80,111,50
-194.4166667,120.2416667,970.0416667,1.975,-5.05,-1.433333333,-178.1666667,64.51666667,-432.4333333,575,367,1397,802,695,557,67,94,39
-218.1166667,118.5583333,989.4083333,20.65,-39.225,1.95,-178.7666667,73.13333333,-431.9,776,371,1544,1210,423,418,77,88,44
-129.8666667,-79.3,1004.058333,4.216666667,-28.36666667,11.05833333,-115.625,97.81666667,-491.6,550,354,1426,1219,953,561,116,126,54
-107.8,-60.50833333,990.8083333,11.06666667,-23.675,7.566666667,-121.2166667,66.89166667,-495.7833333,467,265,1396,976,588,362,78,71,38
-113.1666667,-60.4,977.6,7.166666667,-24.1,-0.45,-119.8083333,55.46666667,-497.5166667,446,307,1551,760,699,515,53,91,30
-135.775,-28.24166667,1020.3,4.433333333,-19.23333333,6.275,-133.2416667,61.10833333,-493.5916667,422,323,1274,592,778,289,81,69,35
-148.7833333,-19.70833333,1003.791667,-10.90833333,14.20833333,15.525,-156.125,84.40833333,-484.6166667,998,657,1387,829,1022,704,165,223,79
-97.38333333,-25.96666667,987.9333333,10.25833333,-37.76666667,10.45,-145.125,32.55833333,-493.75,443,359,1697,1121,1075,363,84,104,36
-48.125,-12.28333333,1003.2,11.76666667,-11.83333333,5.908333333,-149.0333333,-9.108333333,-491.0083333,500,389,1565,1116,752,288,87,83,40
-61.49166667,4.808333333,1000.641667,6.383333333,-21.225,-3.658333333,-158.1666667,0.291666667,-490.1666667,370,377,1624,844,964,310,66,78,49
-52.79166667,-4.3,998.2083333,19.75833333,-5.975,14.06666667,-155.4916667,1.5,-488.7083333,385,328,1472,907,1473,791,66,118,37
-175.85,97.03333333,999.8083333,11.13333333,-27.725,-2.591666667,-196.1416667,73.13333333,-473.2166667,508,403,1429,1232,897,623,101,105,69
-145.0333333,141.4583333,980.525,8.208333333,-9.525,0.333333333,-214.0583333,60.81666667,-466.2333333,530,349,1815,863,787,368,75,106,44
-145.8083333,150.0083333,952.6833333,10.74166667,-40.675,-0.641666667,-220.4333333,67.175,-461.025,617,436,1940,1446,943,501,78,153,57
-142.7833333,165.6916667,963.85,7.125,-28.5,0.616666667,-228.325,52.86666667,-459,759,428,1732,1018,963,524,80,103,56
-97.30833333,158.6166667,989.6333333,-22.65,-41.61666667,23.80833333,-220.4,31.86666667,-463.2583333,664,531,1720,1584,1896,1654,177,212,63
91.18,0.64,1032.1,1.626,0.834,-0.314,1.626,0.834,-0.314,348,533,1293,178.9,90.4,44.7,178.9,90.4,44.7
125.88,-57.04,984.22,0.828,-4.422,0.928,0.828,-4.422,0.928,580,298,1278,114.8,61.9,33.5,114.8,61.9,33.5
94.4,-10.94,992.82,3.824,4.82,0.228,3.824,4.82,0.228,597,618,1167,153.9,115.2,34.2,153.9,115.2,34.2
156.2,-9,1082.14,-1.716,-3.778,-0.628,-1.716,-3.778,-0.628,580,330,1111,111.9,90,38,111.9,90,38
78.64,12.42,928.86,16.91,-2.116,1.44,16.91,-2.116,1.44,1045,821,1349,190.9,121.6,356.7,190.9,121.6,356.7
-349.547619,649.2142857,776.2857143,4.869047619,3.297619048,-22.45952381,4.869047619,3.297619048,-22.45952381,858,927,850,122.4,126.6,254.8,122.4,126.6,254.8
2.06,36.66,992.82,1.224,-0.816,0.928,1.224,-0.816,0.928,313,323,966,92.9,76.8,49.1,92.9,76.8,49.1
-46.1,102.2,1077.36,2.044,0.618,0.126,2.044,0.618,0.126,349,276,1007,65.7,53.5,34,65.7,53.5,34
-12.34,75.9,936.46,1.108,-2.226,1.798,1.108,-2.226,1.798,379,313,1005,105.6,37.9,25.9,105.6,37.9,25.9
-68.84,117.66,1104.68,1.144,0.484,-1.754,1.144,0.484,-1.754,425,375,1205,92.2,72,32,92.2,72,32
-42.44,56.42,943.94,2.86,0.884,0.356,2.86,0.884,0.356,464,381,1199,105.9,58.9,53.4,105.9,58.9,53.4
-84.46,95.52,1101.32,0.568,-2.056,-0.88,0.568,-2.056,-0.88,486,339,1146,85.6,62.6,39.7,85.6,62.6,39.7
-231,708.38,338.98,41.08,-7.302,-16.364,41.08,-7.302,-16.364,1188,1331,1281,182.9,140.3,253.9,182.9,140.3,253.9
16.04,-19.5,1030.88,1.258,-0.144,-0.172,1.258,-0.144,-0.172,419,493,1329,166.4,74.3,55.8,166.4,74.3,55.8
51.02,19.88,1046.34,2.416,-1.478,1.452,2.416,-1.478,1.452,450,448,1199,140.2,93.4,53.9,140.2,93.4,53.9
93.18,-16.86,1056.04,-1.9,-1.202,-0.862,-1.9,-1.202,-0.862,608,324,1296,126.8,57.2,41,126.8,57.2,41
117.6,-46.66,1000.64,-0.702,-0.242,-0.898,-0.702,-0.242,-0.898,387,591,1161,88.3,74.9,43.3,88.3,74.9,43.3
88.72,-47.12,996.06,7.796,-3.31,2.386,7.796,-3.31,2.386,1089,713,1132,150.3,107.7,107.2,150.3,107.7,107.2
-355.06,612.74,732.5,18.124,3.28,-17.77,18.124,3.28,-17.77,1172,1725,1159,208.5,231.8,417,208.5,231.8,417
18.72,44.48,1020.02,2.098,-2.658,1.41,2.098,-2.658,1.41,398,438,1441,102.8,51.8,29,102.8,51.8,29
61.96,21.52,1058.36,-0.292,-2.284,-0.776,-0.292,-2.284,-0.776,333,403,1331,100.6,47.9,37.9,100.6,47.9,37.9
107.22,24.28,1061.66,2.55,2.346,0.814,2.55,2.346,0.814,377,289,1436,108.7,44.2,33.8,108.7,44.2,33.8
80.14,61.48,1005.8,1.618,-0.504,2.548,1.618,-0.504,2.548,403,413,1280,144.4,80.6,33.9,144.4,80.6,33.9
46.3,71.58,955.66,0.98,-0.646,0.66,0.98,-0.646,0.66,292,349,1187,107.6,70.8,31.2,107.6,70.8,31.2
-180.28,427.16,882.88,19.168,1.15,-17.13,19.168,1.15,-17.13,1340,1840,1601,277.5,242,508.2,277.5,242,508.2
-473.6896552,587.6896552,685.4482759,3.896551724,0.175862069,0.689655172,3.896551724,0.175862069,0.689655172,299,414,364,90.5,41.3,48.9,90.5,41.3,48.9
25.36,-1.68,1056.58,0.844,-2.076,-0.13,0.844,-2.076,-0.13,289,381,1173,119.1,49.8,42.1,119.1,49.8,42.1
98.44,15.9,1052.12,2.152,1.056,0.584,2.152,1.056,0.584,284,276,1158,68.7,68.4,49.3,68.7,68.4,49.3
56.62,48.68,1035.58,1.61,0.378,0.872,1.61,0.378,0.872,326,389,1502,128.2,69,45.1,128.2,69,45.1
61.3,27.04,1029.16,0.426,0.054,0.786,0.426,0.054,0.786,271,432,1268,119.8,62.2,40.1,119.8,62.2,40.1
27.96,125.12,944.3,19.63,-5.146,-18.778,19.63,-5.146,-18.778,1012,1275,1445,194.7,173,354.4,194.7,173,354.4
-510.4054054,527.3513514,713.7297297,1.262162162,8.713513514,-0.089189189,1.262162162,8.713513514,-0.089189189,439,477,449,99.6,95.1,114.7,99.6,95.1,114.7
31.84,-18,1012.82,0.766,-0.064,0.486,0.766,-0.064,0.486,341,343,1434,96.5,48.6,30.3,96.5,48.6,30.3
46.86,31.76,1021.76,2.306,-0.596,1.018,2.306,-0.596,1.018,325,311,1431,93.3,75.1,34.8,93.3,75.1,34.8
66.34,6.18,1036.34,-1.348,0.014,-0.756,-1.348,0.014,-0.756,306,497,1521,181.1,63.4,42.6,181.1,63.4,42.6
70.98,-8.2,1052.5,1.182,-0.856,0.544,1.182,-0.856,0.544,426,358,1546,144.3,58.4,35.9,144.3,58.4,35.9
42.6,128.64,947.48,19.548,-6.156,-20.568,19.548,-6.156,-20.568,1276,1173,1424,192.2,227.4,368.2,192.2,227.4,368.2
-338.7692308,776.7435897,347.3333333,25.32051282,40.47948718,25.72307692,25.32051282,40.47948718,25.72307692,751,902,1226,331.3,124.2,116.6,331.3,124.2,116.6
18.72,-7.88,1083.38,-0.184,-2.006,1.518,-0.184,-2.006,1.518,306,331,1468,135.1,63.6,57.2,135.1,63.6,57.2
10.36,26.6,1063.64,4.102,1.396,0.414,4.102,1.396,0.414,439,383,1561,113.2,69.7,44.5,113.2,69.7,44.5
-16.4,2.2,985.98,0.172,0.768,-1.888,0.172,0.768,-1.888,449,582,1539,142.6,61,34.4,142.6,61,34.4
21.8,-48.4,1021.04,-0.788,-2.712,1.952,-0.788,-2.712,1.952,449,461,1690,96.8,67.1,32.8,96.8,67.1,32.8
-248.44,622.36,730.52,20.942,0.058,-9.078,20.942,0.058,-9.078,944,1783,1183,275.4,172.9,277.5,275.4,172.9,277.5
16.4,46.62,1039.62,3.326,-2.85,-0.032,3.326,-2.85,-0.032,466,491,1290,106.4,60,47.6,106.4,60,47.6
5.34,92.88,1047.18,0.67,1.73,0.814,0.67,1.73,0.814,490,416,1307,95.1,83.9,45,95.1,83.9,45
-28.26,47.62,962.1,-0.48,-1.454,1.486,-0.48,-1.454,1.486,476,332,1341,91.8,94.7,62.3,91.8,94.7,62.3
-35.02,9.16,1049.44,4.1,1.478,-1.19,4.1,1.478,-1.19,395,295,1226,95.2,59.4,30.1,95.2,59.4,30.1
-31.64,56.02,976.7,1.75,-0.634,1.39,1.75,-0.634,1.39,397,357,1188,137.3,65.9,39.8,137.3,65.9,39.8
-63.64,307.16,909.88,29.036,-3.972,-13.38,29.036,-3.972,-13.38,985,1099,1084,172,155.8,161.3,172,155.8,161.3
-534,822.8367347,281.1020408,14.11836735,-7.226530612,-5.955102041,14.11836735,-7.226530612,-5.955102041,249,239,340,101.6,105.6,81.8,101.6,105.6,81.8
-13.4,90.28,1016.7,-1.218,-0.64,0.342,-1.218,-0.64,0.342,349,388,1601,114.2,52.5,30.5,114.2,52.5,30.5
-5.34,67.56,1013.54,2.636,0.986,0.634,2.636,0.986,0.634,545,397,1792,94.5,88.2,25.8,94.5,88.2,25.8
-33.4,76.8,1014.94,0.176,-1.088,-0.138,0.176,-1.088,-0.138,550,553,1755,137.6,75.2,51.1,137.6,75.2,51.1
-53.52,82.02,1018.92,2.678,0.968,0.078,2.678,0.968,0.078,482,429,1511,106.8,75.8,37.1,106.8,75.8,37.1
-69.14,299.78,918.1,32.162,-10.158,-15.04,32.162,-10.158,-15.04,747,1253,1423,242.8,108.8,161,242.8,108.8,161
-467.3421053,883.4736842,251,6.086842105,3.363157895,0.431578947,6.086842105,3.363157895,0.431578947,459,318,331,117.5,48.8,61.9,117.5,48.8,61.9
-25.68,27.48,1020.64,-0.402,-0.286,1.426,-0.402,-0.286,1.426,424,379,1429,99.6,66.7,31.3,99.6,66.7,31.3
-13.9,84.56,1021.08,2.646,0.616,-0.602,2.646,0.616,-0.602,379,409,1366,104,75.1,54.9,104,75.1,54.9
-15.32,101.22,1021.7,3.946,-1.876,2.402,3.946,-1.876,2.402,425,461,1473,144.8,65.1,49.8,144.8,65.1,49.8
4.44,115.8,1009.7,-0.552,-0.054,-2.306,-0.552,-0.054,-2.306,454,606,1519,135.8,64.7,43.7,135.8,64.7,43.7
-256.96,509.2,703.56,42.004,-6.086,-13.756,42.004,-6.086,-13.756,1013,1441,1862,206.3,189.8,316.8,206.3,189.8,316.8
-109.4594595,890.9189189,-222.4054054,16.38648649,40.82162162,9.478378378,16.38648649,40.82162162,9.478378378,1056,449,619,186.8,113.4,79,186.8,113.4,79
-134.9416667,49.325,846.9333333,3.275,33.7,-2.333333333,158.0916667,-39.13333333,-1501.15,1341,857,2532,5010,4045,1427,490,547,328
-96,67.64166667,895.125,33.1,-24.275,0.966666667,170.3083333,-27.21666667,-1496.3,1509,928,2451,5321,4284,1324,523,583,409
-53.15833333,91.375,793.4416667,31.9,-31.09166667,0.033333333,119.575,-78.51666667,-1496.275,1514,912,2587,5749,3653,1925,484,535,454
-59.55,119.8,890.525,-19.15,-7.233333333,10.875,153.0416667,-49.25833333,-1493.633333,1534,861,2431,5335,3528,1832,481,534,402
-27.65833333,111.0083333,855.0666667,117.0916667,-78.25833333,-0.175,143.95,-95.125,-1498.058333,1309,810,2560,5109,3709,1552,443,488,471
-1.091666667,80.88333333,874.7416667,-97.98333333,53.48333333,-43.35,165.4916667,-110.3083333,-1508.1,1305,864,2592,5857,3481,1517,498,484,389
-82.49166667,215.6833333,884.175,61.79166667,32.50833333,247.2916667,516.0916667,451.7,-1217.716667,1373,1304,2274,4891,3244,2530,1059,762,855
-73.64166667,157.0166667,691.4833333,-89.28333333,-0.441666667,-45.83333333,302.3083333,406.4,-1191.066667,1445,1390,2767,6063,3717,1767,522,354,459
-65.69166667,140.3,731.1166667,13.90833333,-50.70833333,-20.43333333,306.175,406.1333333,-1224.983333,1630,1497,2679,5975,4904,2063,533,342,449
25.84166667,52.54166667,795.6583333,-11.80833333,-23.38333333,7.1,363.4,355.95,-1264.233333,1398,1577,2536,6477,3657,1519,569,369,404
-45.875,100.7083333,708.7166667,129.425,-69.23333333,-8.558333333,288.0916667,364.875,-1220.391667,2103,1297,2726,7185,4094,1846,520,381,471
-69.05,-36.10833333,786.6333333,-6.666666667,-42.51666667,-0.241666667,362.575,375.7,-1275.6,1818,1443,2815,6927,4415,1544,635,345,428
-25.6,129.7083333,762.0166667,8.033333333,41.08333333,-16.6,362.0166667,116.475,-1208.95,1135,1533,2005,4739,2961,1772,619,739,329
-111.3083333,121.7083333,755.6916667,-82.79166667,-87.80833333,-6.308333333,351.3,194.725,-1147.441667,1164,1411,2379,5435,3300,2054,650,605,289
-116.85,88.825,757.5083333,141.9,4.558333333,-26.43333333,350.1583333,179.6083333,-1140.691667,1266,1384,2430,5541,2300,1638,690,546,286
-89.925,-7.158333333,800.9583333,-10.78333333,-26.81666667,-21.55833333,360.2083333,148.9083333,-1163.025,1459,1432,2356,6002,2697,2169,677,517,300
-175.5833333,58.675,731.825,35.225,-29.95,-58.73333333,329.7083333,220.6666667,-1161.675,1044,1388,2498,5582,3176,1896,682,483,309
-175.7333333,84.63333333,797.5416667,-91.94166667,-101.8916667,-57.475,365.825,195.3833333,-1168.233333,1452,1401,2387,5256,2862,1733,630,547,258
-159.6916667,49.475,783.675,19.71666667,-59.89166667,-37.475,345.9583333,227.4416667,-1151.641667,1378,1084,2629,5734,2802,1741,667,614,324
-82.48333333,5.616666667,840.2583333,4.766666667,-25.675,-14.23333333,37.93333333,711.0416667,-1321.066667,1517,1579,2683,6866,3240,1787,574,466,725
-105.3083333,-17.9,905.2166667,39.73333333,0.766666667,-4.075,109.0916667,756.65,-1352.3,1754,1083,2723,6286,3236,2902,645,430,552
-112.8333333,-9.425,863.95,112.7166667,-12.91666667,1.491666667,121.9166667,743.1666667,-1333.625,1659,969,2809,7329,3318,2896,604,351,527
-241.25,-62.86666667,769.1666667,-20.09166667,-21.33333333,1.158333333,148.125,687.425,-1317.675,2212,1286,2611,7472,4364,3295,646,477,378
-249.1833333,-125.0583333,891.2166667,-84.00833333,6.55,-6.858333333,200.8833333,670.225,-1322.183333,2310,1658,2695,6984,4841,3073,660,432,464
-145.7,-87.73333333,801.4,45.25,-8.808333333,26.11666667,146.9916667,612.9,-1329.925,1624,1474,2707,7436,3767,2476,645,399,408
-249.3083333,-37,906.1333333,15.48333333,6.233333333,-4.058333333,173.725,728.6833333,-1326.025,1532,1224,2740,7054,3338,1998,593,371,345
-56.1,9.133333333,839.6166667,31.4,-18.41666667,-65.025,669.9916667,275.2166667,-1533.741667,1489,1500,2494,6269,3551,2439,673,572,355
-35.55833333,-59.90833333,805.6833333,14.075,-0.741666667,-23.44166667,620.35,247.7666667,-1553.233333,2036,1675,2676,7748,5427,2311,767,519,432
-179.4083333,44.68333333,855.825,54.10833333,27.225,42.96666667,705.475,440.7666667,-1553.558333,1729,1340,2880,7326,4367,2606,800,739,348
-203.65,43.45833333,730.1916667,-11.23333333,-0.266666667,-42.975,663.275,478.2333333,-1536.991667,2144,1776,2971,6775,4836,3601,795,601,432
-156.4,72.78333333,869.2666667,8.1,-138.0416667,-106.9833333,655.5083333,465.4583333,-1555.258333,2133,1133,2843,6035,4816,2630,753,564,439
-151.1916667,-14.48333333,873.05,26.15,-81.68333333,-42.15833333,679.6,415.7666667,-1556.841667,1722,1279,2743,6481,3554,3314,765,525,369
-108.7916667,73.8,824.65,34.71666667,-38.18333333,-82.01666667,642.125,419.125,-1552.6,1562,1364,2720,5677,3394,2821,709,547,362
78.30833333,-118.7833333,730.7416667,-47.33333333,-28.69166667,3.708333333,459.8416667,-180.1416667,-304.975,1230,1422,2896,6865,2972,1071,568,414,560
-40.10833333,-17.475,846.125,-5.941666667,-6.825,17.15833333,373.1166667,-161.2833333,-396.4666667,758,1357,2487,6195,2309,1491,570,232,401
-37.91666667,23.96666667,906.1416667,119.8583333,-70.075,27.475,267.5083333,-87.81666667,-423.0833333,526,1187,2348,5659,2219,1080,531,280,325
40.41666667,-270.125,761.2166667,-100.15,26.6,-11.075,414.55,-182.0083333,-333.3666667,866,1120,2559,4740,2132,814,473,289,422
21.23333333,-218.9666667,816.6333333,126.6166667,-71.91666667,-0.166666667,393.05,-166.1,-364.475,821,1214,2739,4642,2335,947,490,287,393
-39.10833333,-176.4083333,757.0166667,-52.11666667,5.608333333,1.841666667,387.6833333,-131.925,-375.825,880,1339,2731,5228,2388,1240,498,271,435
67.925,-142.175,855.1416667,93.3,-70.95833333,-4.275,356.3916667,-201.7416667,-382.4416667,767,1174,2508,4977,2171,935,474,301,349
-19.96666667,-175.625,809.2083333,-37.35,-7.166666667,22.76666667,375.1,-168.175,-394.25,913,1195,2544,5042,1864,1170,448,322,350
-39.36666667,-116.55,918.725,35.43333333,-54.7,42.15,332.325,-173.8166667,-409.3166667,826,1085,2432,4279,1819,868,455,256,328
29.375,-104.3083333,849.6083333,36.34166667,-41.99166667,-29.75,198.3833333,269.2916667,-423.5166667,1108,1214,2428,6124,2053,1117,664,126,306
15.84166667,-25.91666667,868.5666667,11.34166667,-41.075,-9.808333333,156.0833333,266.4583333,-425.2,797,1268,2543,5937,1670,1297,678,131,287
-31.85833333,-19.98333333,863.3833333,-124.9333333,-23.225,12.41666667,164.625,278.6166667,-428.1583333,919,1260,2512,5927,1466,1345,668,123,270
-17.55,-62.78333333,880.7333333,121.9916667,-17.91666667,-24.73333333,145.4416667,268.25,-420,877,1458,2378,5568,2200,1078,662,224,244
-11,-35.65833333,803.8666667,-127.05,-23.68333333,-22.13333333,205.575,277.2166667,-385.4333333,1185,1389,2725,7053,1880,1110,716,138,366
4.158333333,0.408333333,865.85,141.775,-22.65,-14.375,155.55,271.4166667,-400.8916667,1102,1240,2364,6253,2006,955,672,171,292
-26.93333333,-5.425,890.0583333,8.4,-11.40833333,-26.15833333,121.0166667,285.8416667,-404.2166667,1083,1364,2398,6366,2131,981,625,190,226
-3.658333333,-17.00833333,877.525,4.425,-24.49166667,-14.1,133.9583333,264.6,-394.6083333,891,1194,2615,6740,1898,1031,708,223,294
-343.42,638.34,-682.3,4.084,-12.542,-9.88,4.084,-12.542,-9.88,1573,1136,2067,297.3,717.9,233.1,297.3,717.9,233.1
-403.96,615.32,-542.52,7.384,-4.226,-2.58,7.384,-4.226,-2.58,1492,1612,2667,340.3,847.1,349.9,340.3,847.1,349.9
-484,686.38,-789.38,-5.126,-33.142,-11.49,-5.126,-33.142,-11.49,1438,1134,3138,261.1,846.3,291.9,261.1,846.3,291.9
-425.9130435,692.2391304,-664.7826087,0.765217391,4.889130435,-7.997826087,0.765217391,4.889130435,-7.997826087,1427,1163,2677,313.6,869.3,278.7,313.6,869.3,278.7
-69.6,558.98,-681.64,3.044,3.226,-5.9,3.044,3.226,-5.9,1272,849,2295,248.8,551.3,217.5,248.8,551.3,217.5
-57.84,541.7,-659.38,4,-2.104,0.22,4,-2.104,0.22,1194,1149,2458,143.8,576.5,184,143.8,576.5,184
-47.64,621.88,-698.82,6.022,-5.532,-0.29,6.022,-5.532,-0.29,1054,1025,2283,132.6,543.1,201.8,132.6,543.1,201.8
-13.28,611.3,-584.62,3.55,-31.526,-14.612,3.55,-31.526,-14.612,1220,950,1882,152.9,498.2,206,152.9,498.2,206
-158.7142857,649.3714286,-467.2857143,-25.29142857,-4.597142857,-0.462857143,-25.29142857,-4.597142857,-0.462857143,1283,945,1929,176.8,516.3,258.3,176.8,516.3,258.3
-668.58,624.76,-772.38,14.504,40.1,5.668,14.504,40.1,5.668,1219,1585,2897,242.1,912.1,290.8,242.1,912.1,290.8
-605.06,678.76,-801.5,2.344,-43.242,-18.122,2.344,-43.242,-18.122,1633,1773,3224,371.6,902.7,343.8,371.6,902.7,343.8
-496.46,641.12,-765.48,15.798,50.43,4.548,15.798,50.43,4.548,1266,1278,2514,409.9,844.6,292,409.9,844.6,292
-609.2571429,657.1714286,-364.3142857,-13.08571429,-60.78571429,-36.37714286,-13.08571429,-60.78571429,-36.37714286,1388,1152,2219,186.4,756.7,248.7,186.4,756.7,248.7
-337.82,561.88,-565.92,7.954,0.398,-5.852,7.954,0.398,-5.852,1145,1575,2759,234.1,711.1,235.7,234.1,711.1,235.7
-401.54,611.66,-889.66,9.62,-30.158,-12.068,9.62,-30.158,-12.068,1112,1866,2998,308.9,801.7,194.4,308.9,801.7,194.4
-575.82,605.8,-633.78,5.108,33.398,-0.116,5.108,33.398,-0.116,1190,1791,3302,354.3,926.6,277.8,354.3,926.6,277.8
-840.4137931,690.1034483,-361.1034483,-26.52068966,-53.77931034,-31.19310345,-26.52068966,-53.77931034,-31.19310345,1209,878,1040,393.9,625.4,267.2,393.9,625.4,267.2
-464.7,646.34,-715.88,15.068,47.902,11.938,15.068,47.902,11.938,1031,1268,2718,283.5,780.4,247.8,283.5,780.4,247.8
-487.88,700.12,-809.96,6.712,-33.906,-12.474,6.712,-33.906,-12.474,1109,1556,3159,299.5,899.1,271.6,299.5,899.1,271.6
-355.2,584.12,-622.22,7.164,36.426,10.2,7.164,36.426,10.2,1229,1230,2802,262.1,794.9,272.6,262.1,794.9,272.6
-677.4,693.2571429,-318.8857143,-24.84571429,-61.60857143,-20.24571429,-24.84571429,-61.60857143,-20.24571429,1139,849,1571,226,394.5,248,226,394.5,248
-302.06,528.58,-598.48,8.658,13.998,-4.392,8.658,13.998,-4.392,1010,1504,2751,280.9,814.6,269.4,280.9,814.6,269.4
-390.9,679.62,-836.62,2.596,-22.234,-16.198,2.596,-22.234,-16.198,1023,1564,3172,336.6,871.6,259.3,336.6,871.6,259.3
-308.92,597.92,-699.9,9.442,39.584,4.746,9.442,39.584,4.746,1199,1623,2957,278.8,742.6,312.6,278.8,742.6,312.6
-583.7692308,606,-281.6923077,-18.33846154,-56.62307692,-26.03589744,-18.33846154,-56.62307692,-26.03589744,1147,1239,2302,265.8,665.3,178.6,265.8,665.3,178.6
-190,608.1,-712.14,-2.608,-26.226,-10.074,-2.608,-26.226,-10.074,1278,946,2164,196.2,568.3,214.2,196.2,568.3,214.2
61.3,519.1,-531.22,3.21,-16.628,-7.274,3.21,-16.628,-7.274,1103,935,2209,111,514.5,181.8,111,514.5,181.8
-53.74,607.84,-649.48,8.17,14.98,3.898,8.17,14.98,3.898,1414,748,1760,98.4,420.5,166.9,98.4,420.5,166.9
152.78,541.58,-530.88,4.254,7.78,5.542,4.254,7.78,5.542,1396,692,1743,92.2,337.6,141.3,92.2,337.6,141.3
180.9,522.26,-535.8,3.096,10.928,1.034,3.096,10.928,1.034,1425,784,1477,105.6,374.3,138,105.6,374.3,138
174.12,513.52,-383.5,1.294,2.214,-2.494,1.294,2.214,-2.494,1425,796,1846,141.2,483.3,168.7,141.2,483.3,168.7
-319.1333333,625.2333333,-652.4,-0.62,-70.85666667,-33.71333333,-0.62,-70.85666667,-33.71333333,1252,516,687,115.1,269.7,97.3,115.1,269.7,97.3
-251.92,674.7,-622.28,11.194,9.614,-15.036,11.194,9.614,-15.036,1017,957,2259,356.1,644.5,309.6,356.1,644.5,309.6
-225.34,636.12,-727.94,11.062,8.936,4.464,11.062,8.936,4.464,1103,1044,2216,194.1,594.6,256.8,194.1,594.6,256.8
-196.22,638.96,-720.92,7.986,28.562,4.452,7.986,28.562,4.452,1123,1014,2689,220.9,634.9,258.5,220.9,634.9,258.5
-276.04,640.68,-572.42,-10.262,-25.656,-19.422,-10.262,-25.656,-19.422,984,1160,2751,163,640,246.2,163,640,246.2
-83.84,635.28,-655.48,7.206,-29.998,-13.896,7.206,-29.998,-13.896,1103,1031,2268,188.6,523.6,230.6,188.6,523.6,230.6
31.16,542.66,-558.66,2.496,-10.4,-10.394,2.496,-10.4,-10.394,1157,1117,2127,145.2,528.3,235,145.2,528.3,235
35.66,559.98,-617.84,9.114,15.788,6.222,9.114,15.788,6.222,1010,1056,2338,161.2,541,203.9,161.2,541,203.9
-40.94,594.92,-680,9.918,29.98,6.626,9.918,29.98,6.626,1165,946,1957,172.1,492.3,228.8,172.1,492.3,228.8
-28.4,615.92,-551.8,-2.902,-47.694,-23.29,-2.902,-47.694,-23.29,1322,940,2028,158.7,530.5,203.8,158.7,530.5,203.8
-120.1,597.68,-677.24,3.942,-2.1,-7.146,3.942,-2.1,-7.146,1043,1028,2430,220.4,626.8,285.4,220.4,626.8,285.4
-103.42,581,-657.2,5.938,1.428,-1.066,5.938,1.428,-1.066,1077,1405,2682,204,623,249.8,204,623,249.8
-47.84,583.32,-650.7,3.218,13.384,2.65,3.218,13.384,2.65,1090,889,2281,182.8,536.1,210.6,182.8,536.1,210.6
-79.52,608.52,-773.84,3.842,-7.572,-2.246,3.842,-7.572,-2.246,1176,894,2186,119.9,504.9,195.5,119.9,504.9,195.5
-317.2,610.15,-457.35,-14.04,-35.1075,-14.6775,-14.04,-35.1075,-14.6775,1248,870,1850,142.7,530.4,172.9,142.7,530.4,172.9
