Logged started on,05/11/2021 12:31:10
Feature,Magnetometer
Nodes,AM1V330 @393B30

Date,HostTimestamp,NodeName,NodeTimestamp,RawData,X (mGa),Y (mGa),Z (mGa)
05/11/2021 12:33:28.144,137787,AM1V330 @393B30,18781,2DFD1D0246FF,-723,541,-186
05/11/2021 12:33:28.175,137803,AM1V330 @393B30,18788,41FD2F023AFF,-703,559,-198
05/11/2021 12:33:28.233,137861,AM1V330 @393B30,18794,56FD490229FF,-682,585,-215
05/11/2021 12:33:28.293,137922,AM1V330 @393B30,18800,68FD580226FF,-664,600,-218
05/11/2021 12:33:28.323,137951,AM1V330 @393B30,18806,6EFD6D022BFF,-658,621,-213
05/11/2021 12:33:28.384,138012,AM1V330 @393B30,18813,7DFD7F0231FF,-643,639,-207
05/11/2021 12:33:28.443,138072,AM1V330 @393B30,18819,9FFD950232FF,-609,661,-206
05/11/2021 12:33:28.474,138102,AM1V330 @393B30,18825,CBFDBE0235FF,-565,702,-203
05/11/2021 12:33:28.534,138162,AM1V330 @393B30,18831,F2FDE60246FF,-526,742,-186
05/11/2021 12:33:28.594,138222,AM1V330 @393B30,18838,10FEF4024DFF,-496,756,-179
05/11/2021 12:33:28.623,138251,AM1V330 @393B30,18844,20FEF2024DFF,-480,754,-179
05/11/2021 12:33:28.684,138312,AM1V330 @393B30,18850,35FEEC0247FF,-459,748,-185
05/11/2021 12:33:28.744,138372,AM1V330 @393B30,18856,43FEE80232FF,-445,744,-206
05/11/2021 12:33:28.774,138402,AM1V330 @393B30,18863,5CFEE5022EFF,-420,741,-210
05/11/2021 12:33:28.833,138462,AM1V330 @393B30,18869,7DFEDD021DFF,-387,733,-227
05/11/2021 12:33:28.893,138522,AM1V330 @393B30,18875,94FED102FEFE,-364,721,-258
05/11/2021 12:33:28.923,138551,AM1V330 @393B30,18881,B3FEB002EFFE,-333,688,-273
05/11/2021 12:33:28.984,138612,AM1V330 @393B30,18888,BFFE8E02CCFE,-321,654,-308
05/11/2021 12:33:29.044,138672,AM1V330 @393B30,18894,BFFE7D02AEFE,-321,637,-338
05/11/2021 12:33:29.074,138701,AM1V330 @393B30,18900,CBFE6402A5FE,-309,612,-347
05/11/2021 12:33:29.133,138761,AM1V330 @393B30,18906,CEFE520289FE,-306,594,-375
05/11/2021 12:33:29.194,138822,AM1V330 @393B30,18913,D1FE4C028CFE,-303,588,-372
05/11/2021 12:33:29.223,138851,AM1V330 @393B30,18919,DDFE43028AFE,-291,579,-374
05/11/2021 12:33:29.283,138911,AM1V330 @393B30,18925,E6FE430298FE,-282,579,-360
05/11/2021 12:33:29.343,138972,AM1V330 @393B30,18931,E2FE43028AFE,-286,579,-374
05/11/2021 12:33:29.374,139002,AM1V330 @393B30,18938,EBFE2C0287FE,-277,556,-377
05/11/2021 12:33:29.433,139061,AM1V330 @393B30,18944,E3FE22027AFE,-285,546,-390
05/11/2021 12:33:29.524,139152,AM1V330 @393B30,18950,EBFE1F0283FE,-277,543,-381
05/11/2021 12:33:29.524,139153,AM1V330 @393B30,18956,EEFE07027BFE,-274,519,-389
05/11/2021 12:33:29.582,139211,AM1V330 @393B30,18963,E0FE0B0284FE,-288,523,-380
05/11/2021 12:33:29.643,139272,AM1V330 @393B30,18969,DFFE100292FE,-289,528,-366
05/11/2021 12:33:29.674,139301,AM1V330 @393B30,18975,D4FE08028FFE,-300,520,-369
05/11/2021 12:33:29.733,139362,AM1V330 @393B30,18981,D9FE22029CFE,-295,546,-356
05/11/2021 12:33:29.794,139422,AM1V330 @393B30,18988,E2FE2202A2FE,-286,546,-350
05/11/2021 12:33:29.823,139451,AM1V330 @393B30,18994,E6FE1F0298FE,-282,543,-360
05/11/2021 12:33:29.883,139512,AM1V330 @393B30,19000,E9FE2602A1FE,-279,550,-351
05/11/2021 12:33:29.943,139572,AM1V330 @393B30,19006,E5FE2C02A4FE,-283,556,-348
05/11/2021 12:33:29.974,139602,AM1V330 @393B30,19013,F1FE2502A7FE,-271,549,-345
05/11/2021 12:33:30.033,139662,AM1V330 @393B30,19019,F7FE3402ADFE,-265,564,-339
05/11/2021 12:33:30.095,139723,AM1V330 @393B30,19025,FDFE3402B3FE,-259,564,-333
05/11/2021 12:33:30.125,139753,AM1V330 @393B30,19031,FBFE3202A4FE,-261,562,-348
05/11/2021 12:33:30.185,139813,AM1V330 @393B30,19038,F8FE2F02A1FE,-264,559,-351
05/11/2021 12:33:30.273,139903,AM1V330 @393B30,19044,F7FE350292FE,-265,565,-366
05/11/2021 12:33:30.273,139903,AM1V330 @393B30,19050,10FF31029EFE,-240,561,-354
05/11/2021 12:33:30.336,139965,AM1V330 @393B30,19056,15FF25028FFE,-235,549,-369
05/11/2021 12:33:30.395,140023,AM1V330 @393B30,19063,19FF230292FE,-231,547,-366
05/11/2021 12:33:30.424,140051,AM1V330 @393B30,19069,0FFF22028AFE,-241,546,-374
05/11/2021 12:33:30.484,140112,AM1V330 @393B30,19075,16FF280295FE,-234,552,-363
05/11/2021 12:33:30.545,140173,AM1V330 @393B30,19081,12FF200284FE,-238,544,-380
05/11/2021 12:33:30.574,140201,AM1V330 @393B30,19088,10FF2F028CFE,-240,559,-372
05/11/2021 12:33:30.635,140263,AM1V330 @393B30,19094,13FF2B0286FE,-237,555,-378
05/11/2021 12:33:30.695,140323,AM1V330 @393B30,19100,13FF2B0286FE,-237,555,-378
05/11/2021 12:33:30.725,140353,AM1V330 @393B30,19106,0DFF230283FE,-243,547,-381
05/11/2021 12:33:30.783,140412,AM1V330 @393B30,19113,10FF290292FE,-240,553,-366
05/11/2021 12:33:30.846,140474,AM1V330 @393B30,19119,18FF310286FE,-232,561,-378
05/11/2021 12:33:30.874,140502,AM1V330 @393B30,19125,0CFF280292FE,-244,552,-366
05/11/2021 12:33:30.934,140562,AM1V330 @393B30,19131,07FF2E028CFE,-249,558,-372
05/11/2021 12:33:30.993,140621,AM1V330 @393B30,19138,13FF2C028FFE,-237,556,-369
05/11/2021 12:33:31.024,140651,AM1V330 @393B30,19144,22FF23029EFE,-222,547,-354
05/11/2021 12:33:31.083,140711,AM1V330 @393B30,19150,16FF140292FE,-234,532,-366
05/11/2021 12:33:31.144,140772,AM1V330 @393B30,19156,0AFF010286FE,-246,513,-378
05/11/2021 12:33:31.174,140802,AM1V330 @393B30,19163,01FFFB0183FE,-255,507,-381
05/11/2021 12:33:31.233,140862,AM1V330 @393B30,19169,19FF0B028FFE,-231,523,-369
05/11/2021 12:33:31.293,140921,AM1V330 @393B30,19175,1EFF070286FE,-226,519,-378
05/11/2021 12:33:31.324,140952,AM1V330 @393B30,19181,1BFF010299FE,-229,513,-359
05/11/2021 12:33:31.383,141012,AM1V330 @393B30,19188,24FFF90199FE,-220,505,-359
05/11/2021 12:33:31.444,141072,AM1V330 @393B30,19194,1FFF0B0298FE,-225,523,-360
05/11/2021 12:33:31.474,141102,AM1V330 @393B30,19200,21FF0E02A7FE,-223,526,-345
05/11/2021 12:33:31.533,141161,AM1V330 @393B30,19206,22FF1C02A8FE,-222,540,-344
05/11/2021 12:33:31.593,141222,AM1V330 @393B30,19213,22FF1A02B6FE,-222,538,-330
05/11/2021 12:33:31.623,141251,AM1V330 @393B30,19219,2EFF2602BDFE,-210,550,-323
05/11/2021 12:33:31.683,141311,AM1V330 @393B30,19225,2EFF2B02BCFE,-210,555,-324
05/11/2021 12:33:31.743,141371,AM1V330 @393B30,19231,37FF2E02BAFE,-201,558,-326
05/11/2021 12:33:31.774,141401,AM1V330 @393B30,19238,2DFF2C02ADFE,-211,556,-339
05/11/2021 12:33:31.834,141462,AM1V330 @393B30,19244,28FF2902A4FE,-216,553,-348
05/11/2021 12:33:31.893,141522,AM1V330 @393B30,19250,34FF2E029CFE,-204,558,-356
05/11/2021 12:33:31.923,141551,AM1V330 @393B30,19256,25FF1D0293FE,-219,541,-365
05/11/2021 12:33:32.014,141642,AM1V330 @393B30,19263,1FFF22028FFE,-225,546,-369
05/11/2021 12:33:32.043,141671,AM1V330 @393B30,19269,19FF17028DFE,-231,535,-371
05/11/2021 12:33:32.074,141702,AM1V330 @393B30,19275,15FF190280FE,-235,537,-384
05/11/2021 12:33:32.134,141762,AM1V330 @393B30,19281,1CFF19028AFE,-228,537,-374
05/11/2021 12:33:32.195,141823,AM1V330 @393B30,19288,22FF0B0283FE,-222,523,-381
05/11/2021 12:33:32.225,141853,AM1V330 @393B30,19294,19FF160284FE,-231,534,-380
05/11/2021 12:33:32.286,141914,AM1V330 @393B30,19300,1CFF0D027EFE,-228,525,-386
05/11/2021 12:33:32.345,141973,AM1V330 @393B30,19306,1CFF0A0277FE,-228,522,-393
05/11/2021 12:33:32.375,142003,AM1V330 @393B30,19313,18FF0A0274FE,-232,522,-396
05/11/2021 12:33:32.433,142062,AM1V330 @393B30,19319,1CFF020272FE,-228,514,-398
05/11/2021 12:33:32.493,142122,AM1V330 @393B30,19325,1CFF07027BFE,-228,519,-389
05/11/2021 12:33:32.524,142152,AM1V330 @393B30,19331,1BFF0B0274FE,-229,523,-396
05/11/2021 12:33:32.585,142213,AM1V330 @393B30,19338,0FFFF9017AFE,-241,505,-390
05/11/2021 12:33:32.645,142273,AM1V330 @393B30,19344,15FFFE017AFE,-235,510,-390
05/11/2021 12:33:32.674,142301,AM1V330 @393B30,19350,24FFFF0174FE,-220,511,-396
05/11/2021 12:33:32.735,142363,AM1V330 @393B30,19356,2EFFFC0184FE,-210,508,-380
05/11/2021 12:33:32.793,142421,AM1V330 @393B30,19363,24FFFC0186FE,-220,508,-378
05/11/2021 12:33:32.823,142451,AM1V330 @393B30,19369,30FFF6018DFE,-208,502,-371
05/11/2021 12:33:32.884,142512,AM1V330 @393B30,19375,33FF050295FE,-205,517,-363
05/11/2021 12:33:32.943,142572,AM1V330 @393B30,19381,30FFFC0199FE,-208,508,-359
05/11/2021 12:33:32.973,142601,AM1V330 @393B30,19388,1CFF0402A8FE,-228,516,-344
05/11/2021 12:33:33.033,142661,AM1V330 @393B30,19394,21FF0D02A5FE,-223,525,-347
05/11/2021 12:33:33.094,142722,AM1V330 @393B30,19400,18FF1602AAFE,-232,534,-342
05/11/2021 12:33:33.123,142751,AM1V330 @393B30,19406,13FF1F02ABFE,-237,543,-341
05/11/2021 12:33:33.182,142811,AM1V330 @393B30,19413,15FF2202C2FE,-235,546,-318
05/11/2021 12:33:33.245,142874,AM1V330 @393B30,19419,16FF3102B9FE,-234,561,-327
05/11/2021 12:33:33.275,142903,AM1V330 @393B30,19425,12FF2B02BDFE,-238,555,-323
05/11/2021 12:33:33.334,142962,AM1V330 @393B30,19431,15FF2F02BCFE,-235,559,-324
05/11/2021 12:33:33.394,143022,AM1V330 @393B30,19438,1BFF3502B7FE,-229,565,-329
05/11/2021 12:33:33.425,143053,AM1V330 @393B30,19444,1CFF3D02B9FE,-228,573,-327
05/11/2021 12:33:33.515,143143,AM1V330 @393B30,19450,10FF3402A8FE,-240,564,-344
05/11/2021 12:33:33.544,143172,AM1V330 @393B30,19456,0CFF2E02A4FE,-244,558,-348
05/11/2021 12:33:33.575,143203,AM1V330 @393B30,19463,0DFF2E0298FE,-243,558,-360
05/11/2021 12:33:33.635,143264,AM1V330 @393B30,19469,0AFF25028AFE,-246,549,-374
05/11/2021 12:33:33.693,143321,AM1V330 @393B30,19475,06FF220286FE,-250,546,-378
05/11/2021 12:33:33.753,143382,AM1V330 @393B30,19481,FDFE100278FE,-259,528,-392
05/11/2021 12:33:33.785,143413,AM1V330 @393B30,19488,FDFE10027AFE,-259,528,-390
05/11/2021 12:33:33.843,143472,AM1V330 @393B30,19494,FDFE11026EFE,-259,529,-402
05/11/2021 12:33:33.875,143503,AM1V330 @393B30,19500,F2FE0A0275FE,-270,522,-395
05/11/2021 12:33:33.965,143593,AM1V330 @393B30,19506,FDFE0A0277FE,-259,522,-393
05/11/2021 12:33:33.995,143623,AM1V330 @393B30,19513,03FF0D0277FE,-253,525,-393
05/11/2021 12:33:34.025,143652,AM1V330 @393B30,19519,01FF0D026EFE,-255,525,-402
05/11/2021 12:33:34.083,143712,AM1V330 @393B30,19525,09FF110272FE,-247,529,-398
05/11/2021 12:33:34.143,143772,AM1V330 @393B30,19531,04FF0D0274FE,-252,525,-396
05/11/2021 12:33:34.174,143801,AM1V330 @393B30,19538,0DFF07026EFE,-243,519,-402
05/11/2021 12:33:34.234,143862,AM1V330 @393B30,19544,07FF0D0278FE,-249,525,-392
05/11/2021 12:33:34.293,143922,AM1V330 @393B30,19550,0AFF0E0274FE,-246,526,-396
05/11/2021 12:33:34.324,143952,AM1V330 @393B30,19556,F8FE0E0278FE,-264,526,-392
05/11/2021 12:33:34.385,144013,AM1V330 @393B30,19563,F8FE110277FE,-264,529,-393
05/11/2021 12:33:34.446,144074,AM1V330 @393B30,19569,F4FE230277FE,-268,547,-393
05/11/2021 12:33:34.475,144103,AM1V330 @393B30,19575,E8FE28027DFE,-280,552,-387
05/11/2021 12:33:34.535,144163,AM1V330 @393B30,19581,EEFE250281FE,-274,549,-383
05/11/2021 12:33:34.595,144223,AM1V330 @393B30,19588,E8FE2B027DFE,-280,555,-387
05/11/2021 12:33:34.625,144253,AM1V330 @393B30,19594,E8FE26028DFE,-280,550,-371
05/11/2021 12:33:34.685,144313,AM1V330 @393B30,19600,EFFE2F027EFE,-273,559,-386
05/11/2021 12:33:34.745,144374,AM1V330 @393B30,19606,F5FE1F029BFE,-267,543,-357
05/11/2021 12:33:34.773,144401,AM1V330 @393B30,19613,FDFE20028DFE,-259,544,-371
05/11/2021 12:33:34.835,144463,AM1V330 @393B30,19619,F7FE1A0290FE,-265,538,-368
05/11/2021 12:33:34.893,144522,AM1V330 @393B30,19625,FDFE1C0296FE,-259,540,-362
05/11/2021 12:33:34.922,144550,AM1V330 @393B30,19631,FEFE1302A4FE,-258,531,-348
05/11/2021 12:33:34.983,144611,AM1V330 @393B30,19638,01FF16029BFE,-255,534,-357
05/11/2021 12:33:35.046,144674,AM1V330 @393B30,19644,FDFE1302A4FE,-259,531,-348
05/11/2021 12:33:35.074,144701,AM1V330 @393B30,19650,06FF1A02B0FE,-250,538,-336
05/11/2021 12:33:35.132,144761,AM1V330 @393B30,19656,07FF1C02A5FE,-249,540,-347
05/11/2021 12:33:35.195,144823,AM1V330 @393B30,19663,FDFE2002ADFE,-259,544,-339
05/11/2021 12:33:35.225,144853,AM1V330 @393B30,19669,FEFE2302A5FE,-258,547,-347
05/11/2021 12:33:35.284,144912,AM1V330 @393B30,19675,01FF3102C3FE,-255,561,-317
05/11/2021 12:33:35.345,144973,AM1V330 @393B30,19681,F8FE2C02B1FE,-264,556,-335
05/11/2021 12:33:35.375,145003,AM1V330 @393B30,19688,03FF2802B6FE,-253,552,-330
05/11/2021 12:33:35.435,145063,AM1V330 @393B30,19694,F8FE2902A4FE,-264,553,-348
05/11/2021 12:33:35.495,145123,AM1V330 @393B30,19700,FEFE2602A5FE,-258,550,-347
05/11/2021 12:33:35.525,145153,AM1V330 @393B30,19706,F8FE2E02A4FE,-264,558,-348
05/11/2021 12:33:35.583,145211,AM1V330 @393B30,19713,F5FE2C029CFE,-267,556,-356
05/11/2021 12:33:35.643,145271,AM1V330 @393B30,19719,01FF3702A4FE,-255,567,-348
05/11/2021 12:33:35.674,145301,AM1V330 @393B30,19725,1CFF31029EFE,-228,561,-354
05/11/2021 12:33:35.735,145363,AM1V330 @393B30,19731,18FF2E0292FE,-232,558,-366
05/11/2021 12:33:35.793,145421,AM1V330 @393B30,19738,12FF29029FFE,-238,553,-353
05/11/2021 12:33:35.825,145454,AM1V330 @393B30,19744,04FF230283FE,-252,547,-381
05/11/2021 12:33:35.885,145513,AM1V330 @393B30,19750,0CFF230287FE,-244,547,-377
05/11/2021 12:33:35.944,145572,AM1V330 @393B30,19756,FAFE220281FE,-262,546,-383
05/11/2021 12:33:35.974,145601,AM1V330 @393B30,19763,FEFE250284FE,-258,549,-380
05/11/2021 12:33:36.034,145662,AM1V330 @393B30,19769,03FF200286FE,-253,544,-378
05/11/2021 12:33:36.094,145723,AM1V330 @393B30,19775,04FF1C0281FE,-252,540,-383
05/11/2021 12:33:36.125,145753,AM1V330 @393B30,19781,09FF220280FE,-247,546,-384
05/11/2021 12:33:36.185,145813,AM1V330 @393B30,19788,00FF1F027BFE,-256,543,-389
05/11/2021 12:33:36.245,145873,AM1V330 @393B30,19794,04FF220287FE,-252,546,-377
05/11/2021 12:33:36.275,145903,AM1V330 @393B30,19800,F8FE29028AFE,-264,553,-374
05/11/2021 12:33:36.335,145963,AM1V330 @393B30,19806,F2FE260286FE,-270,550,-378
05/11/2021 12:33:36.395,146023,AM1V330 @393B30,19813,F5FE1C028CFE,-267,540,-372
05/11/2021 12:33:36.425,146053,AM1V330 @393B30,19819,01FF22028CFE,-255,546,-372
05/11/2021 12:33:36.485,146114,AM1V330 @393B30,19825,07FF25028AFE,-249,549,-374
05/11/2021 12:33:36.545,146173,AM1V330 @393B30,19831,F5FE200296FE,-267,544,-362
05/11/2021 12:33:36.574,146201,AM1V330 @393B30,19838,FDFE17029CFE,-259,535,-356
05/11/2021 12:33:36.635,146263,AM1V330 @393B30,19844,F7FE250296FE,-265,549,-362
05/11/2021 12:33:36.695,146323,AM1V330 @393B30,19850,FAFE22029CFE,-262,546,-356
05/11/2021 12:33:36.723,146351,AM1V330 @393B30,19856,F4FE1F02A5FE,-268,543,-347
05/11/2021 12:33:36.786,146414,AM1V330 @393B30,19863,F7FE2502A5FE,-265,549,-347
05/11/2021 12:33:36.845,146473,AM1V330 @393B30,19869,F4FE1F02AAFE,-268,543,-342
05/11/2021 12:33:36.875,146503,AM1V330 @393B30,19875,F5FE2E02B1FE,-267,558,-335
05/11/2021 12:33:36.933,146561,AM1V330 @393B30,19881,FBFE2002AEFE,-261,544,-338
05/11/2021 12:33:36.995,146624,AM1V330 @393B30,19888,FBFE3202AEFE,-261,562,-338
05/11/2021 12:33:37.055,146683,AM1V330 @393B30,19894,01FF2802B0FE,-255,552,-336
05/11/2021 12:33:37.082,146710,AM1V330 @393B30,19900,03FF2502AAFE,-253,549,-342
05/11/2021 12:33:37.143,146771,AM1V330 @393B30,19906,FAFE3202B7FE,-262,562,-329
05/11/2021 12:33:37.174,146801,AM1V330 @393B30,19913,03FF4002B1FE,-253,576,-335
05/11/2021 12:33:37.235,146863,AM1V330 @393B30,19919,07FF3B02AEFE,-249,571,-338
05/11/2021 12:33:37.292,146921,AM1V330 @393B30,19925,01FF37029FFE,-255,567,-353
05/11/2021 12:33:37.324,146952,AM1V330 @393B30,19931,F5FE2B0298FE,-267,555,-360
05/11/2021 12:33:37.415,147044,AM1V330 @393B30,19938,EFFE260298FE,-273,550,-360
05/11/2021 12:33:37.445,147073,AM1V330 @393B30,19944,F8FE3402A5FE,-264,564,-347
05/11/2021 12:33:37.475,147103,AM1V330 @393B30,19950,F7FE2F028FFE,-265,559,-369
05/11/2021 12:33:37.533,147162,AM1V330 @393B30,19956,F8FE220290FE,-264,546,-368
05/11/2021 12:33:37.595,147223,AM1V330 @393B30,19963,03FF230281FE,-253,547,-383
05/11/2021 12:33:37.625,147253,AM1V330 @393B30,19969,0CFF1F0284FE,-244,543,-380
05/11/2021 12:33:37.685,147313,AM1V330 @393B30,19975,0AFF130277FE,-246,531,-393
05/11/2021 12:33:37.743,147372,AM1V330 @393B30,19981,09FF110277FE,-247,529,-393
05/11/2021 12:33:37.775,147403,AM1V330 @393B30,19988,07FF100272FE,-249,528,-398
05/11/2021 12:33:37.835,147463,AM1V330 @393B30,19994,0AFF110277FE,-246,529,-393
05/11/2021 12:33:37.893,147522,AM1V330 @393B30,20000,07FF14027AFE,-249,532,-390
05/11/2021 12:33:37.924,147551,AM1V330 @393B30,20006,E9FE14027DFE,-279,532,-387
05/11/2021 12:33:37.983,147611,AM1V330 @393B30,20013,F1FE200278FE,-271,544,-392
05/11/2021 12:33:38.043,147672,AM1V330 @393B30,20019,ECFE28027AFE,-276,552,-390
05/11/2021 12:33:38.075,147704,AM1V330 @393B30,20025,EFFE1A0286FE,-273,538,-378
05/11/2021 12:33:38.135,147764,AM1V330 @393B30,20031,EFFE20028AFE,-273,544,-374
05/11/2021 12:33:38.193,147822,AM1V330 @393B30,20038,F5FE25028DFE,-267,549,-371
05/11/2021 12:33:38.224,147852,AM1V330 @393B30,20044,ECFE200295FE,-276,544,-363
05/11/2021 12:33:38.283,147911,AM1V330 @393B30,20050,E6FE160293FE,-282,534,-365
05/11/2021 12:33:38.344,147971,AM1V330 @393B30,20056,DFFE190298FE,-289,537,-360
05/11/2021 12:33:38.374,148001,AM1V330 @393B30,20063,DFFE19029BFE,-289,537,-357
05/11/2021 12:33:38.434,148062,AM1V330 @393B30,20069,DDFE2202A4FE,-291,546,-348
05/11/2021 12:33:38.493,148123,AM1V330 @393B30,20075,EBFE2E02A2FE,-277,558,-350
05/11/2021 12:33:38.524,148152,AM1V330 @393B30,20081,EEFE2802A8FE,-274,552,-344
05/11/2021 12:33:38.583,148211,AM1V330 @393B30,20088,D4FE2502ABFE,-300,549,-341
05/11/2021 12:33:38.644,148272,AM1V330 @393B30,20094,E2FE3202ADFE,-286,562,-339
05/11/2021 12:33:38.674,148302,AM1V330 @393B30,20100,EBFE3702B3FE,-277,567,-333
05/11/2021 12:33:38.734,148362,AM1V330 @393B30,20106,EFFE3802B9FE,-273,568,-327
05/11/2021 12:33:38.793,148422,AM1V330 @393B30,20113,EFFE4602BAFE,-273,582,-326
05/11/2021 12:33:38.823,148451,AM1V330 @393B30,20119,FEFE4A02ADFE,-258,586,-339
05/11/2021 12:33:38.883,148511,AM1V330 @393B30,20125,F7FE4C02A7FE,-265,588,-345
05/11/2021 12:33:38.944,148572,AM1V330 @393B30,20131,FEFE4602B3FE,-258,582,-333
05/11/2021 12:33:38.974,148602,AM1V330 @393B30,20138,01FF44029EFE,-255,580,-354
05/11/2021 12:33:39.034,148663,AM1V330 @393B30,20144,07FF3D029CFE,-249,573,-356
05/11/2021 12:33:39.095,148723,AM1V330 @393B30,20150,00FF380289FE,-256,568,-375
05/11/2021 12:33:39.125,148753,AM1V330 @393B30,20156,FDFE2E0283FE,-259,558,-381
05/11/2021 12:33:39.183,148811,AM1V330 @393B30,20163,0FFF2E0284FE,-241,558,-380
05/11/2021 12:33:39.244,148872,AM1V330 @393B30,20169,07FF260281FE,-249,550,-383
05/11/2021 12:33:39.274,148901,AM1V330 @393B30,20175,03FF200286FE,-253,544,-378
05/11/2021 12:33:39.334,148962,AM1V330 @393B30,20181,FDFE290289FE,-259,553,-375
05/11/2021 12:33:39.393,149022,AM1V330 @393B30,20188,FAFE2B028AFE,-262,555,-374
05/11/2021 12:33:39.424,149051,AM1V330 @393B30,20194,FBFE230278FE,-261,547,-392
05/11/2021 12:33:39.485,149113,AM1V330 @393B30,20200,E9FE2B027DFE,-279,555,-387
05/11/2021 12:33:39.545,149173,AM1V330 @393B30,20206,ECFE340283FE,-276,564,-381
05/11/2021 12:33:39.575,149203,AM1V330 @393B30,20213,ECFE2F0286FE,-276,559,-378
05/11/2021 12:33:39.635,149263,AM1V330 @393B30,20219,F5FE400286FE,-267,576,-378
05/11/2021 12:33:39.693,149321,AM1V330 @393B30,20225,00FF2E028FFE,-256,558,-369
05/11/2021 12:33:39.725,149353,AM1V330 @393B30,20231,18FF3502A2FE,-232,565,-350
05/11/2021 12:33:39.784,149412,AM1V330 @393B30,20238,07FF2802A2FE,-249,552,-350
05/11/2021 12:33:39.844,149472,AM1V330 @393B30,20244,FEFE2602A2FE,-258,550,-350
05/11/2021 12:33:39.874,149502,AM1V330 @393B30,20250,FAFE1D02A8FE,-262,541,-344
05/11/2021 12:33:39.935,149564,AM1V330 @393B30,20256,FEFE2002ABFE,-258,544,-341
05/11/2021 12:33:39.994,149622,AM1V330 @393B30,20263,01FF2202AEFE,-255,546,-338
05/11/2021 12:33:40.055,149683,AM1V330 @393B30,20269,04FF2002A8FE,-252,544,-344
05/11/2021 12:33:40.085,149713,AM1V330 @393B30,20275,FBFE2E02B0FE,-261,558,-336
05/11/2021 12:33:40.175,149803,AM1V330 @393B30,20281,06FF2B02BFFE,-250,555,-321
05/11/2021 12:33:40.205,149833,AM1V330 @393B30,20288,03FF3A02B9FE,-253,570,-327
05/11/2021 12:33:40.235,149863,AM1V330 @393B30,20294,03FF4402C5FE,-253,580,-315
05/11/2021 12:33:40.293,149922,AM1V330 @393B30,20300,04FF3702BFFE,-252,567,-321
05/11/2021 12:33:40.323,149951,AM1V330 @393B30,20306,F5FE4702B1FE,-267,583,-335
05/11/2021 12:33:40.385,150014,AM1V330 @393B30,20313,0CFF3802ADFE,-244,568,-339
05/11/2021 12:33:40.445,150073,AM1V330 @393B30,20319,06FF3B02ADFE,-250,571,-339
05/11/2021 12:33:40.473,150101,AM1V330 @393B30,20325,12FF3102A5FE,-238,561,-347
05/11/2021 12:33:40.535,150163,AM1V330 @393B30,20331,0CFF40029BFE,-244,576,-357
05/11/2021 12:33:40.595,150223,AM1V330 @393B30,20338,10FF260289FE,-240,550,-375
05/11/2021 12:33:40.625,150253,AM1V330 @393B30,20344,10FF200283FE,-240,544,-381
05/11/2021 12:33:40.682,150310,AM1V330 @393B30,20350,16FF16027BFE,-234,534,-389
05/11/2021 12:33:40.745,150373,AM1V330 @393B30,20356,18FF140275FE,-232,532,-395
05/11/2021 12:33:40.775,150403,AM1V330 @393B30,20363,19FF11027AFE,-231,529,-390
05/11/2021 12:33:40.835,150463,AM1V330 @393B30,20369,1BFF0D0281FE,-229,525,-383
05/11/2021 12:33:40.895,150524,AM1V330 @393B30,20375,1FFF10027EFE,-225,528,-386
05/11/2021 12:33:40.923,150551,AM1V330 @393B30,20381,24FF0E0278FE,-220,526,-392
05/11/2021 12:33:40.985,150613,AM1V330 @393B30,20388,1EFF10027EFE,-226,528,-386
05/11/2021 12:33:41.043,150671,AM1V330 @393B30,20394,12FF14026FFE,-238,532,-401
05/11/2021 12:33:41.074,150702,AM1V330 @393B30,20400,F5FE1A0277FE,-267,538,-393
05/11/2021 12:33:41.135,150763,AM1V330 @393B30,20406,F4FE1C027BFE,-268,540,-389
05/11/2021 12:33:41.194,150822,AM1V330 @393B30,20413,00FF28027EFE,-256,552,-386
05/11/2021 12:33:41.225,150853,AM1V330 @393B30,20419,0AFF310290FE,-246,561,-368
05/11/2021 12:33:41.284,150912,AM1V330 @393B30,20425,0AFF2B029EFE,-246,555,-354
05/11/2021 12:33:41.345,150973,AM1V330 @393B30,20431,1FFF23029BFE,-225,547,-357
05/11/2021 12:33:41.375,151003,AM1V330 @393B30,20438,15FF2302ABFE,-235,547,-341
05/11/2021 12:33:41.435,151063,AM1V330 @393B30,20444,16FF1D02A1FE,-234,541,-351
05/11/2021 12:33:41.495,151123,AM1V330 @393B30,20450,16FF1D02B0FE,-234,541,-336
05/11/2021 12:33:41.524,151152,AM1V330 @393B30,20456,15FF2E02B9FE,-235,558,-327
05/11/2021 12:33:41.586,151214,AM1V330 @393B30,20463,1BFF3202BAFE,-229,562,-326
05/11/2021 12:33:41.645,151273,AM1V330 @393B30,20469,12FF2E02C3FE,-238,558,-317
05/11/2021 12:33:41.675,151303,AM1V330 @393B30,20475,1FFF3A02C6FE,-225,570,-314
05/11/2021 12:33:41.734,151362,AM1V330 @393B30,20481,19FF3B02BDFE,-231,571,-323
05/11/2021 12:33:41.795,151423,AM1V330 @393B30,20488,12FF3E02C5FE,-238,574,-315
05/11/2021 12:33:41.825,151452,AM1V330 @393B30,20494,25FF3802C5FE,-219,568,-315
05/11/2021 12:33:41.885,151514,AM1V330 @393B30,20500,24FF3E02C3FE,-220,574,-317
05/11/2021 12:33:41.943,151571,AM1V330 @393B30,20506,25FF3802B4FE,-219,568,-332
05/11/2021 12:33:41.975,151603,AM1V330 @393B30,20513,18FF3102B9FE,-232,561,-327
05/11/2021 12:33:42.034,151662,AM1V330 @393B30,20519,16FF2E02A2FE,-234,558,-350
05/11/2021 12:33:42.094,151723,AM1V330 @393B30,20525,19FF35029BFE,-231,565,-357
05/11/2021 12:33:42.124,151752,AM1V330 @393B30,20531,12FF220296FE,-238,546,-362
05/11/2021 12:33:42.183,151812,AM1V330 @393B30,20538,04FF2B028DFE,-252,555,-371
05/11/2021 12:33:42.244,151872,AM1V330 @393B30,20544,07FF320287FE,-249,562,-377
05/11/2021 12:33:42.274,151902,AM1V330 @393B30,20550,09FF370290FE,-247,567,-368
05/11/2021 12:33:42.336,151965,AM1V330 @393B30,20556,01FF350281FE,-255,565,-383
05/11/2021 12:33:42.395,152024,AM1V330 @393B30,20563,FEFE320287FE,-258,562,-377
05/11/2021 12:33:42.422,152050,AM1V330 @393B30,20569,FDFE3B0284FE,-259,571,-380
05/11/2021 12:33:42.483,152111,AM1V330 @393B30,20575,07FF320287FE,-249,562,-377
05/11/2021 12:33:42.545,152173,AM1V330 @393B30,20581,03FF29028DFE,-253,553,-371
05/11/2021 12:33:42.574,152202,AM1V330 @393B30,20588,FAFE3B0283FE,-262,571,-381
05/11/2021 12:33:42.632,152261,AM1V330 @393B30,20594,F7FE310283FE,-265,561,-381
05/11/2021 12:33:42.695,152323,AM1V330 @393B30,20600,F1FE3A0293FE,-271,570,-365
05/11/2021 12:33:42.725,152353,AM1V330 @393B30,20606,E3FE430281FE,-285,579,-383
05/11/2021 12:33:42.785,152413,AM1V330 @393B30,20613,F1FE410292FE,-271,577,-366
05/11/2021 12:33:42.845,152473,AM1V330 @393B30,20619,07FF3D02A1FE,-249,573,-351
05/11/2021 12:33:42.875,152503,AM1V330 @393B30,20625,03FF3D02A1FE,-253,573,-351
05/11/2021 12:33:42.935,152563,AM1V330 @393B30,20631,06FF3802A5FE,-250,568,-347
05/11/2021 12:33:42.995,152623,AM1V330 @393B30,20638,18FF34029FFE,-232,564,-353
05/11/2021 12:33:43.025,152653,AM1V330 @393B30,20644,06FF2B02AAFE,-250,555,-342
05/11/2021 12:33:43.085,152713,AM1V330 @393B30,20650,F4FE2B029FFE,-268,555,-353
05/11/2021 12:33:43.144,152772,AM1V330 @393B30,20656,F7FE2B02A8FE,-265,555,-344
05/11/2021 12:33:43.175,152803,AM1V330 @393B30,20663,07FF2F02B4FE,-249,559,-332
05/11/2021 12:33:43.235,152863,AM1V330 @393B30,20669,06FF3702B7FE,-250,567,-329
05/11/2021 12:33:43.295,152923,AM1V330 @393B30,20675,03FF3B02C3FE,-253,571,-317
05/11/2021 12:33:43.325,152953,AM1V330 @393B30,20681,03FF4002C0FE,-253,576,-320
05/11/2021 12:33:43.386,153014,AM1V330 @393B30,20688,12FF3D02C0FE,-238,573,-320
05/11/2021 12:33:43.444,153072,AM1V330 @393B30,20694,0DFF3702BFFE,-243,567,-321
05/11/2021 12:33:43.474,153101,AM1V330 @393B30,20700,0DFF3702B9FE,-243,567,-327
05/11/2021 12:33:43.565,153193,AM1V330 @393B30,20706,0CFF3802B7FE,-244,568,-329
05/11/2021 12:33:43.595,153223,AM1V330 @393B30,20713,04FF3702B7FE,-252,567,-329
05/11/2021 12:33:43.625,153253,AM1V330 @393B30,20719,15FF3D02ADFE,-235,573,-339
05/11/2021 12:33:43.684,153312,AM1V330 @393B30,20725,12FF4302A7FE,-238,579,-345
05/11/2021 12:33:43.745,153373,AM1V330 @393B30,20731,0FFF310296FE,-241,561,-362
05/11/2021 12:33:43.774,153402,AM1V330 @393B30,20738,07FF3D0293FE,-249,573,-365
05/11/2021 12:33:43.836,153464,AM1V330 @393B30,20744,06FF340289FE,-250,564,-375
05/11/2021 12:33:43.925,153553,AM1V330 @393B30,20750,12FF2E028CFE,-238,558,-372
05/11/2021 12:33:43.925,153554,AM1V330 @393B30,20756,0FFF350284FE,-241,565,-380
05/11/2021 12:33:43.984,153612,AM1V330 @393B30,20763,15FF2B0281FE,-235,555,-383
05/11/2021 12:33:44.045,153673,AM1V330 @393B30,20769,16FF200280FE,-234,544,-384
05/11/2021 12:33:44.075,153702,AM1V330 @393B30,20775,15FF23027DFE,-235,547,-387
05/11/2021 12:33:44.135,153763,AM1V330 @393B30,20781,0FFF26027DFE,-241,550,-387
05/11/2021 12:33:44.195,153824,AM1V330 @393B30,20788,1CFF23027DFE,-228,547,-387
05/11/2021 12:33:44.225,153853,AM1V330 @393B30,20794,12FF20027AFE,-238,544,-390
05/11/2021 12:33:44.285,153914,AM1V330 @393B30,20800,13FF22027AFE,-237,546,-390
05/11/2021 12:33:44.345,153973,AM1V330 @393B30,20806,FEFE2C027BFE,-258,556,-389
05/11/2021 12:33:44.375,154002,AM1V330 @393B30,20813,EBFE1F0277FE,-277,543,-393
05/11/2021 12:33:44.435,154063,AM1V330 @393B30,20819,E8FE32027EFE,-280,562,-386
05/11/2021 12:33:44.494,154122,AM1V330 @393B30,20825,F5FE2E0284FE,-267,558,-380
05/11/2021 12:33:44.526,154154,AM1V330 @393B30,20831,06FF2B0293FE,-250,555,-365
05/11/2021 12:33:44.582,154211,AM1V330 @393B30,20838,01FF3202A4FE,-255,562,-348
05/11/2021 12:33:44.645,154273,AM1V330 @393B30,20844,09FF2F0299FE,-247,559,-359
05/11/2021 12:33:44.674,154302,AM1V330 @393B30,20850,FAFE2902AAFE,-262,553,-342
05/11/2021 12:33:44.735,154363,AM1V330 @393B30,20856,F5FE2F02A7FE,-267,559,-345
05/11/2021 12:33:44.792,154421,AM1V330 @393B30,20863,F2FE2502AEFE,-270,549,-338
05/11/2021 12:33:44.824,154452,AM1V330 @393B30,20869,00FF2F02BDFE,-256,559,-323
05/11/2021 12:33:44.885,154513,AM1V330 @393B30,20875,FEFE2B02C2FE,-258,555,-318
05/11/2021 12:33:44.945,154573,AM1V330 @393B30,20881,F5FE2E02B4FE,-267,558,-332
05/11/2021 12:33:44.975,154603,AM1V330 @393B30,20888,FEFE2B02BDFE,-258,555,-323
05/11/2021 12:33:45.035,154663,AM1V330 @393B30,20894,01FF2302C0FE,-255,547,-320
05/11/2021 12:33:45.095,154723,AM1V330 @393B30,20900,00FF1D02C2FE,-256,541,-318
05/11/2021 12:33:45.125,154753,AM1V330 @393B30,20906,FBFE2302B6FE,-261,547,-330
05/11/2021 12:33:45.185,154813,AM1V330 @393B30,20913,F2FE1902B0FE,-270,537,-336
05/11/2021 12:33:45.245,154873,AM1V330 @393B30,20919,FDFE1A02BAFE,-259,538,-326
05/11/2021 12:33:45.275,154903,AM1V330 @393B30,20925,FAFE2502B4FE,-262,549,-332
05/11/2021 12:33:45.333,154961,AM1V330 @393B30,20931,F7FE2E02B4FE,-265,558,-332
05/11/2021 12:33:45.393,155022,AM1V330 @393B30,20938,FEFE2202B0FE,-258,546,-336
05/11/2021 12:33:45.425,155053,AM1V330 @393B30,20944,04FF2C02A2FE,-252,556,-350
05/11/2021 12:33:45.485,155113,AM1V330 @393B30,20950,09FF25029FFE,-247,549,-353
05/11/2021 12:33:45.545,155173,AM1V330 @393B30,20956,00FF19028FFE,-256,537,-369
05/11/2021 12:33:45.634,155262,AM1V330 @393B30,20963,04FF19027EFE,-252,537,-386
05/11/2021 12:33:45.653,155281,AM1V330 @393B30,20969,07FF11027DFE,-249,529,-387
05/11/2021 12:33:45.695,155323,AM1V330 @393B30,20975,10FF05027AFE,-240,517,-390
05/11/2021 12:33:45.722,155350,AM1V330 @393B30,20981,09FF0B026FFE,-247,523,-401
05/11/2021 12:33:45.785,155414,AM1V330 @393B30,20988,07FFFF0171FE,-249,511,-399
05/11/2021 12:33:45.846,155474,AM1V330 @393B30,20994,10FFFF016EFE,-240,511,-402
05/11/2021 12:33:45.876,155503,AM1V330 @393B30,21000,0CFFFF0169FE,-244,511,-407
05/11/2021 12:33:45.934,155562,AM1V330 @393B30,21006,15FFF60165FE,-235,502,-411
05/11/2021 12:33:45.995,155623,AM1V330 @393B30,21013,F7FEF90162FE,-265,505,-414
05/11/2021 12:33:46.022,155650,AM1V330 @393B30,21019,D1FEF00159FE,-303,496,-423
05/11/2021 12:33:46.084,155712,AM1V330 @393B30,21025,AFFED70153FE,-337,471,-429
05/11/2021 12:33:46.144,155772,AM1V330 @393B30,21031,79FEA70150FE,-391,423,-432
05/11/2021 12:33:46.175,155803,AM1V330 @393B30,21038,5BFE92014BFE,-421,402,-437
05/11/2021 12:33:46.234,155862,AM1V330 @393B30,21044,3EFE900151FE,-450,400,-431
05/11/2021 12:33:46.295,155923,AM1V330 @393B30,21050,0BFEAD016BFE,-501,429,-405
05/11/2021 12:33:46.325,155953,AM1V330 @393B30,21056,F0FDD80183FE,-528,472,-381
05/11/2021 12:33:46.385,156013,AM1V330 @393B30,21063,D1FDFB019FFE,-559,507,-353
05/11/2021 12:33:46.444,156072,AM1V330 @393B30,21069,CCFD1302A8FE,-564,531,-344
05/11/2021 12:33:46.475,156103,AM1V330 @393B30,21075,BCFD2302B7FE,-580,547,-329
05/11/2021 12:33:46.534,156163,AM1V330 @393B30,21081,A2FD2902C0FE,-606,553,-320
05/11/2021 12:33:46.595,156223,AM1V330 @393B30,21088,A8FD3202C6FE,-600,562,-314
05/11/2021 12:33:46.625,156253,AM1V330 @393B30,21094,95FD3502DDFE,-619,565,-291
05/11/2021 12:33:46.685,156313,AM1V330 @393B30,21100,9CFD3702DDFE,-612,567,-291
05/11/2021 12:33:46.743,156371,AM1V330 @393B30,21106,96FD3402E7FE,-618,564,-281
05/11/2021 12:33:46.775,156403,AM1V330 @393B30,21113,6EFD2902FCFE,-658,553,-260
05/11/2021 12:33:46.834,156463,AM1V330 @393B30,21119,56FD1F0211FF,-682,543,-239
05/11/2021 12:33:46.895,156523,AM1V330 @393B30,21125,45FD1F021AFF,-699,543,-230
05/11/2021 12:33:46.925,156553,AM1V330 @393B30,21131,44FD10021AFF,-700,528,-230
05/11/2021 12:33:46.985,156613,AM1V330 @393B30,21138,42FD070228FF,-702,519,-216
05/11/2021 12:33:47.045,156673,AM1V330 @393B30,21144,42FD0A022EFF,-702,522,-210
05/11/2021 12:33:47.075,156702,AM1V330 @393B30,21150,30FD0A0226FF,-720,522,-218
05/11/2021 12:33:47.135,156762,AM1V330 @393B30,21156,38FD0A0232FF,-712,522,-206
05/11/2021 12:33:47.195,156822,AM1V330 @393B30,21163,30FD0D0240FF,-720,525,-192
05/11/2021 12:33:47.225,156853,AM1V330 @393B30,21169,38FD0E0246FF,-712,526,-186
05/11/2021 12:33:47.285,156914,AM1V330 @393B30,21175,30FD0A0240FF,-720,522,-192
05/11/2021 12:33:47.344,156973,AM1V330 @393B30,21181,2CFD0B0249FF,-724,523,-183
05/11/2021 12:33:47.374,157002,AM1V330 @393B30,21188,26FD100264FF,-730,528,-156
05/11/2021 12:33:47.433,157062,AM1V330 @393B30,21194,1AFD14026DFF,-742,532,-147
05/11/2021 12:33:47.495,157123,AM1V330 @393B30,21200,18FD16026AFF,-744,534,-150
05/11/2021 12:33:47.525,157153,AM1V330 @393B30,21206,1BFD11026AFF,-741,529,-150
05/11/2021 12:33:47.585,157213,AM1V330 @393B30,21213,1DFD0E0271FF,-739,526,-143
05/11/2021 12:33:47.645,157273,AM1V330 @393B30,21219,11FD130276FF,-751,531,-138
05/11/2021 12:33:47.675,157302,AM1V330 @393B30,21225,1AFD130270FF,-742,531,-144
05/11/2021 12:33:47.740,157367,AM1V330 @393B30,21231,14FD1A0274FF,-748,538,-140
05/11/2021 12:33:47.795,157423,AM1V330 @393B30,21238,14FD10027FFF,-748,528,-129
05/11/2021 12:33:47.825,157453,AM1V330 @393B30,21244,00FD0E028BFF,-768,526,-117
05/11/2021 12:33:47.884,157512,AM1V330 @393B30,21250,02FD10028FFF,-766,528,-113
05/11/2021 12:33:47.945,157573,AM1V330 @393B30,21256,05FD170298FF,-763,535,-104
05/11/2021 12:33:47.974,157602,AM1V330 @393B30,21263,0FFD070297FF,-753,519,-105
05/11/2021 12:33:48.036,157664,AM1V330 @393B30,21269,FDFC020297FF,-771,514,-105
05/11/2021 12:33:48.094,157722,AM1V330 @393B30,21275,FDFC1102A1FF,-771,529,-95
05/11/2021 12:33:48.125,157753,AM1V330 @393B30,21281,F3FC0B02B9FF,-781,523,-71
05/11/2021 12:33:48.184,157813,AM1V330 @393B30,21288,E2FC0E02CEFF,-798,526,-50
05/11/2021 12:33:48.245,157873,AM1V330 @393B30,21294,CDFCFF01E5FF,-819,511,-27
05/11/2021 12:33:48.275,157903,AM1V330 @393B30,21300,C1FCED011300,-831,493,19
05/11/2021 12:33:48.335,157964,AM1V330 @393B30,21306,BAFCEC011600,-838,492,22
05/11/2021 12:33:48.394,158022,AM1V330 @393B30,21313,B7FCEC010A00,-841,492,10
05/11/2021 12:33:48.425,158053,AM1V330 @393B30,21319,AEFCE9010100,-850,489,1
05/11/2021 12:33:48.484,158112,AM1V330 @393B30,21325,A8FCDB01FEFF,-856,475,-2
05/11/2021 12:33:48.543,158171,AM1V330 @393B30,21331,A8FCE301F4FF,-856,483,-12
05/11/2021 12:33:48.574,158201,AM1V330 @393B30,21338,AFFCD201F2FF,-849,466,-14
05/11/2021 12:33:48.635,158263,AM1V330 @393B30,21344,ACFCCC01EEFF,-852,460,-18
05/11/2021 12:33:48.692,158321,AM1V330 @393B30,21350,A9FCCC01E6FF,-855,460,-26
05/11/2021 12:33:48.725,158353,AM1V330 @393B30,21356,ABFCC001F1FF,-853,448,-15
05/11/2021 12:33:48.784,158413,AM1V330 @393B30,21363,A0FCB9010600,-864,441,6
05/11/2021 12:33:48.843,158471,AM1V330 @393B30,21369,A2FCB3010F00,-862,435,15
05/11/2021 12:33:48.875,158503,AM1V330 @393B30,21375,9DFCB3012500,-867,435,37
05/11/2021 12:33:48.935,158563,AM1V330 @393B30,21381,9AFCAB011C00,-870,427,28
